{
  "project_info": {
    "project_number": "965523821795",
    "project_id": "universidad-martes",
    "storage_bucket": "universidad-martes.appspot.com"
  },
  "client": [
    {
      "client_info": {
        "mobilesdk_app_id": "1:965523821795:android:a78279397f9386e51c61d6",
        "android_client_info": {
          "package_name": "com.example.app_universidad"
        }
      },
      "oauth_client": [
        {
          "client_id": "965523821795-echpc34kd6ugl8hrrld4lk00oo3bntbp.apps.googleusercontent.com",
          "client_type": 3
        }
      ],
      "api_key": [
        {
          "current_key": "AIzaSyDxID467UJzGFXCLpc02R1n0_LE_tJA4jM"
        }
      ],
      "services": {
        "appinvite_service": {
          "other_platform_oauth_client": [
            {
              "client_id": "965523821795-echpc34kd6ugl8hrrld4lk00oo3bntbp.apps.googleusercontent.com",
              "client_type": 3
            }
          ]
        }
      }
    }
  ],
  "configuration_version": "1"
}